[
  {
    "code": "ME",
    "name": "Montenegro",
    "cities": [
      "Andrijevica",
      "Bar",
      "Berane",
      "Bijelo Polje",
      "Budva",
      "Cetinje",
      "Danilovgrad",
      "Gusinje",
      "Herceg Novi",
      "Kolašin",
      "Kotor",
      "Mojkovac",
      "Nikšić",
      "Petnjica",
      "Plav",
      "Pljevlja",
      "Plužine",
      "Podgorica",
      "Rožaje",
      "Šavnik",
      "Tivat",
      "Tuzi",
      "Ulcinj",
      "Žabljak"
    ]
  },
  {
    "code": "GB",
    "name": "United Kingdom",
    "cities": [
      "London",
      "Birmingham",
      "Manchester",
      "Liverpool",
      "Leeds",
      "Sheffield",
      "Bradford",
      "Nottingham",
      "Leicester",
      "Coventry",
      "Bristol",
      "Newcastle upon Tyne",
      "Sunderland",
      "Wolverhampton",
      "Derby",
      "Plymouth",
      "Stoke-on-Trent",
      "Worcester",
      "Bath",
      "Oxford",
      "Cambridge",
      "Peterborough",
      "Milton Keynes",
      "Brighton and Hove",
      "Southampton",
      "Portsmouth",
      "Winchester",
      "Canterbury",
      "Rochester",
      "Chichester",
      "Exeter",
      "Truro",
      "Gloucester",
      "Hereford",
      "Salford",
      "York",
      "Lancaster",
      "Preston",
      "Carlisle",
      "Durham",
      "Wakefield",
      "Ripon",
      "Ely",
      "Lichfield",
      "Lincoln",
      "St Albans",
      "Chelmsford",
      "Colchester",
      "Southend-on-Sea",
      "Norwich",
      "Ipswich",
      "Salisbury",
      "Wells",
      "Kingston upon Hull",
      "Reading"
    ]
  },
  {
    "code": "IT",
    "name": "Italy",
    "cities": [
      "Aosta",
      "Torino",
      "Asti",
      "Alessandria",
      "Biella",
      "Cuneo",
      "Novara",
      "Vercelli",
      "Milano",
      "Bergamo",
      "Brescia",
      "Como",
      "Cremona",
      "Lecco",
      "Lodi",
      "Mantova",
      "Monza",
      "Pavia",
      "Sondrio",
      "Varese",
      "Genova",
      "Imperia",
      "La Spezia",
      "Savona",
      "Venezia",
      "Belluno",
      "Padova",
      "Rovigo",
      "Treviso",
      "Verona",
      "Vicenza",
      "Bologna",
      "Ferrara",
      "Forlì",
      "Modena",
      "Parma",
      "Piacenza",
      "Ravenna",
      "Reggio Emilia",
      "Rimini",
      "Firenze",
      "Arezzo",
      "Grosseto",
      "Livorno",
      "Lucca",
      "Massa",
      "Pisa",
      "Pistoia",
      "Prato",
      "Siena",
      "Roma",
      "Frosinone",
      "Latina",
      "Rieti",
      "Viterbo",
      "Perugia",
      "Terni",
      "Ancona",
      "Ascoli Piceno",
      "Fermo",
      "Macerata",
      "Pesaro",
      "L'Aquila",
      "Chieti",
      "Pescara",
      "Teramo",
      "Campobasso",
      "Isernia",
      "Napoli",
      "Avellino",
      "Benevento",
      "Caserta",
      "Salerno",
      "Bari",
      "Brindisi",
      "Foggia",
      "Lecce",
      "Taranto",
      "Potenza",
      "Matera",
      "Catanzaro",
      "Cosenza",
      "Crotone",
      "Reggio Calabria",
      "Vibo Valentia",
      "Palermo",
      "Agrigento",
      "Caltanissetta",
      "Catania",
      "Enna",
      "Messina",
      "Ragusa",
      "Siracusa",
      "Trapani",
      "Cagliari",
      "Nuoro",
      "Oristano",
      "Sassari"
    ]
  },
  {
    "code": "AL",
    "name": "Albania",
    "cities": [
      "Tirana",
      "Durrës",
      "Shkodër",
      "Elbasan",
      "Vlorë",
      "Korçë",
      "Fier",
      "Berat",
      "Lushnjë",
      "Kavajë",
      "Pogradec",
      "Gjirokastër",
      "Sarandë",
      "Laç",
      "Krujë",
      "Lezhë",
      "Kukës",
      "Peshkopi",
      "Burrel",
      "Gramsh",
      "Librazhd",
      "Peqin",
      "Cërrik",
      "Divjakë",
      "Mallakastër",
      "Patos",
      "Roskovec",
      "Ura Vajgurore",
      "Poliçan",
      "Skrapar",
      "Tepelenë",
      "Memaliaj",
      "Delvinë",
      "Konispol",
      "Himarë",
      "Selenicë",
      "Devoll",
      "Kolonjë",
      "Maliq",
      "Pustec",
      "Mat",
      "Bulqizë",
      "Klos",
      "Has",
      "Tropojë",
      "Fushë-Arrëz",
      "Malësi e Madhe",
      "Vau i Dejës",
      "Pukë",
      "Kurbin",
      "Mirditë",
      "Rrogozhinë",
      "Vorë",
      "Kamëz",
      "Shijak",
      "Belsh",
      "Këlcyrë",
      "Dropull",
      "Finiq",
      "Libohovë",
      "Përmet",
      "Rreshen",
      "Ballsh",
      "Bashkia Tropojë",
      "Bashkia Has",
      "Bashkia Kukës",
      "Bashkia Lezhë",
      "Bashkia Berat",
      "Bashkia Fier",
      "Bashkia Vlorë",
      "Bashkia Elbasan",
      "Bashkia Korçë",
      "Bashkia Shkodër",
      "Bashkia Durrës"
    ]
  }
]

